user_id,login,password_hash,role,is_active,created_at,last_login_at
1,teacher1,hash,TEACHER,True,2024-06-15 15:40:12,2025-12-27 10:26:12
2,teacher2,hash,TEACHER,True,2025-08-15 13:54:12,2026-03-17 20:54:12
3,teacher3,hash,TEACHER,True,2024-09-19 16:04:12,2026-02-05 17:40:12
4,teacher4,hash,TEACHER,True,2025-12-26 12:27:12,2026-01-25 23:40:12
5,teacher5,hash,TEACHER,True,2024-09-03 11:56:12,2026-01-06 20:07:12
6,teacher6,hash,TEACHER,True,2025-01-26 11:13:12,2026-01-15 09:50:12
7,teacher7,hash,TEACHER,True,2023-10-23 17:53:12,2025-12-18 12:57:12
8,teacher8,hash,TEACHER,True,2025-01-23 08:24:12,2026-03-12 11:53:12
9,teacher9,hash,TEACHER,True,2025-04-21 15:36:12,2026-02-11 15:19:12
10,teacher10,hash,TEACHER,True,2023-11-15 07:03:12,2026-02-26 16:55:12
11,teacher11,hash,TEACHER,True,2024-12-16 01:34:12,2025-12-03 06:36:12
12,teacher12,hash,TEACHER,True,2024-09-12 08:48:12,2026-01-09 22:45:12
13,teacher13,hash,TEACHER,True,2023-10-31 07:05:12,2026-03-06 20:37:12
14,teacher14,hash,TEACHER,True,2026-02-12 21:27:12,2025-12-23 09:36:12
15,teacher15,hash,TEACHER,True,2023-11-07 10:46:12,2026-03-19 06:24:12
16,teacher16,hash,TEACHER,True,2024-12-21 21:48:12,2026-02-13 13:18:12
17,teacher17,hash,TEACHER,True,2025-04-02 11:59:12,2026-02-24 19:42:12
18,teacher18,hash,TEACHER,True,2024-04-30 22:37:12,2026-01-12 22:31:12
19,teacher19,hash,TEACHER,True,2024-09-30 19:26:12,2026-03-11 04:17:12
20,teacher20,hash,TEACHER,True,2025-06-27 21:57:12,2026-01-19 10:58:12
21,teacher21,hash,TEACHER,True,2025-05-03 17:27:12,2025-12-16 16:50:12
22,teacher22,hash,TEACHER,True,2025-05-12 06:24:12,2026-03-23 11:43:12
23,teacher23,hash,TEACHER,True,2024-08-27 20:21:12,2026-03-03 22:10:12
24,teacher24,hash,TEACHER,True,2025-02-18 22:12:12,2026-03-13 10:33:12
25,teacher25,hash,TEACHER,True,2025-07-21 19:06:12,2026-01-22 09:54:12
26,teacher26,hash,TEACHER,True,2024-08-10 04:44:12,2026-01-16 06:18:12
27,teacher27,hash,TEACHER,True,2025-08-19 14:09:12,2026-01-27 15:53:12
28,teacher28,hash,TEACHER,True,2026-02-11 15:32:12,2026-01-10 12:51:12
29,teacher29,hash,TEACHER,True,2024-05-04 05:03:12,2026-03-23 06:17:12
30,teacher30,hash,TEACHER,True,2024-07-29 04:08:12,2026-02-27 00:46:12
31,teacher31,hash,TEACHER,True,2026-03-19 20:55:12,2026-03-16 20:45:12
32,teacher32,hash,TEACHER,True,2024-09-28 09:52:12,2026-01-08 08:34:12
33,teacher33,hash,TEACHER,True,2025-06-04 05:31:12,2026-02-01 17:55:12
34,teacher34,hash,TEACHER,True,2023-10-16 19:25:12,2026-01-26 13:09:12
35,teacher35,hash,TEACHER,True,2025-12-12 22:22:12,2025-12-13 22:09:12
36,teacher36,hash,TEACHER,True,2024-07-16 12:32:12,2026-02-12 13:07:12
37,teacher37,hash,TEACHER,True,2024-01-24 01:43:12,2026-03-30 23:21:12
38,teacher38,hash,TEACHER,True,2024-11-16 18:34:12,2025-12-03 06:45:12
39,teacher39,hash,TEACHER,True,2023-12-01 09:26:12,2026-03-24 10:45:12
40,teacher40,hash,TEACHER,True,2024-08-28 16:36:12,2025-12-28 02:49:12
41,teacher41,hash,TEACHER,True,2026-01-20 00:52:12,2026-03-15 13:59:12
42,teacher42,hash,TEACHER,True,2024-11-30 01:31:12,2026-02-26 01:46:12
43,teacher43,hash,TEACHER,True,2024-07-18 05:28:12,2025-12-03 00:53:12
44,teacher44,hash,TEACHER,True,2024-03-13 20:29:12,2025-12-30 09:16:12
45,teacher45,hash,TEACHER,True,2024-05-12 22:18:12,2026-02-03 02:13:12
46,teacher46,hash,TEACHER,True,2025-11-28 11:27:12,2026-03-23 08:40:12
47,teacher47,hash,TEACHER,True,2024-08-06 01:27:12,2026-01-15 11:41:12
48,teacher48,hash,TEACHER,True,2026-01-17 20:01:12,2026-03-24 11:37:12
49,teacher49,hash,TEACHER,True,2026-02-27 08:37:12,2026-01-25 11:24:12
50,teacher50,hash,TEACHER,True,2024-05-15 03:28:12,2026-01-21 13:55:12
51,staff1,hash,ADMIN,True,2024-08-24 00:11:12,2026-02-28 02:50:12
52,staff2,hash,ADMIN,True,2025-02-08 12:35:12,2026-03-18 21:14:12
53,staff3,hash,ADMIN,True,2025-04-03 05:15:12,2026-01-30 19:38:12
54,staff4,hash,ADMIN,True,2024-05-10 22:00:12,2026-03-19 17:16:12
55,staff5,hash,ADMIN,True,2024-03-16 07:50:12,2025-12-11 15:26:12
56,staff6,hash,ADMIN,True,2025-09-16 12:07:12,2026-02-02 14:14:12
57,staff7,hash,ADMIN,True,2025-09-25 10:12:12,2026-02-28 16:13:12
58,staff8,hash,ADMIN,True,2023-12-25 01:35:12,2026-03-24 22:07:12
59,staff9,hash,ADMIN,True,2023-11-26 18:36:12,2025-12-03 11:31:12
60,staff10,hash,ADMIN,True,2025-02-08 03:11:12,2026-03-04 05:44:12
61,staff11,hash,ADMIN,True,2026-01-30 13:17:12,2026-03-31 06:25:12
62,staff12,hash,ADMIN,True,2024-01-19 04:23:12,2026-02-04 19:55:12
63,staff13,hash,ADMIN,True,2024-01-19 00:59:12,2025-12-30 03:32:12
64,staff14,hash,ADMIN,True,2025-09-18 09:28:12,2026-03-23 23:54:12
65,staff15,hash,ADMIN,True,2024-09-22 16:54:12,2026-02-19 17:38:12
66,staff16,hash,ADMIN,True,2024-08-10 03:09:12,2025-12-04 02:31:12
67,staff17,hash,ADMIN,True,2026-02-01 02:36:12,2025-12-13 13:37:12
68,staff18,hash,ADMIN,True,2024-07-30 15:58:12,2025-12-11 11:16:12
69,staff19,hash,ADMIN,True,2025-11-29 00:26:12,2026-01-15 23:39:12
70,staff20,hash,ADMIN,True,2024-07-05 16:15:12,2026-01-06 00:05:12
71,staff21,hash,ADMIN,True,2024-10-12 07:42:12,2026-02-26 11:59:12
72,staff22,hash,ADMIN,True,2024-03-28 08:26:12,2026-02-26 06:33:12
73,staff23,hash,ADMIN,True,2024-05-12 22:22:12,2026-02-01 07:42:12
74,staff24,hash,ADMIN,True,2024-02-21 16:41:12,2026-01-31 23:05:12
75,staff25,hash,ADMIN,True,2025-12-19 16:07:12,2026-03-04 02:25:12
76,staff26,hash,ADMIN,True,2025-11-16 06:45:12,2026-03-23 11:18:12
77,staff27,hash,ADMIN,True,2025-06-13 13:13:12,2025-12-15 00:56:12
78,staff28,hash,ADMIN,True,2025-05-25 22:50:12,2026-01-07 02:41:12
79,staff29,hash,ADMIN,True,2024-05-17 01:22:12,2025-12-01 21:35:12
80,staff30,hash,ADMIN,True,2023-10-14 14:25:12,2026-03-17 14:54:12
81,staff31,hash,ADMIN,True,2024-09-11 14:24:12,2026-02-22 23:28:12
82,staff32,hash,ADMIN,True,2024-03-27 08:28:12,2026-01-02 21:47:12
83,staff33,hash,ADMIN,True,2025-07-04 02:10:12,2026-02-27 17:36:12
84,staff34,hash,ADMIN,True,2024-06-20 04:48:12,2026-02-24 17:41:12
85,staff35,hash,ADMIN,True,2025-04-24 14:01:12,2026-02-26 12:54:12
86,staff36,hash,ADMIN,True,2025-01-03 00:56:12,2026-02-05 01:41:12
87,staff37,hash,ADMIN,True,2025-12-07 15:45:12,2026-01-02 14:07:12
88,staff38,hash,ADMIN,True,2026-02-23 07:04:12,2026-01-20 14:14:12
89,staff39,hash,ADMIN,True,2025-11-21 17:22:12,2026-02-13 16:44:12
90,staff40,hash,ADMIN,True,2025-03-30 11:58:12,2026-02-27 21:35:12
91,staff41,hash,ADMIN,True,2025-04-03 00:45:12,2025-12-10 05:02:12
92,staff42,hash,ADMIN,True,2024-02-23 13:42:12,2025-12-02 10:46:12
93,staff43,hash,ADMIN,True,2025-10-16 12:45:12,2026-02-07 18:30:12
94,staff44,hash,ADMIN,True,2024-03-07 07:51:12,2025-12-02 04:50:12
95,staff45,hash,ADMIN,True,2024-05-14 18:50:12,2026-02-28 10:31:12
96,staff46,hash,ADMIN,True,2024-01-14 20:35:12,2026-02-11 16:47:12
97,staff47,hash,ADMIN,True,2024-12-05 11:29:12,2025-12-17 04:19:12
98,staff48,hash,ADMIN,True,2025-05-23 11:27:12,2026-03-27 21:29:12
99,staff49,hash,ADMIN,True,2025-02-16 08:24:12,2025-12-11 15:52:12
100,staff50,hash,ADMIN,True,2025-06-19 07:00:12,2026-01-25 05:58:12
101,student001,hash,STUDENT,True,2023-11-19 01:20:12,2025-12-01 18:34:12
102,student002,hash,STUDENT,True,2023-10-15 10:30:12,2026-01-16 10:39:12
103,student003,hash,STUDENT,True,2025-12-09 23:14:12,2026-02-14 18:51:12
104,student004,hash,STUDENT,True,2025-05-14 05:03:12,2026-01-25 15:17:12
105,student005,hash,STUDENT,True,2024-08-18 12:25:12,2026-03-25 20:14:12
106,student006,hash,STUDENT,True,2026-03-30 01:42:12,2025-12-18 00:58:12
107,student007,hash,STUDENT,True,2024-03-24 18:54:12,2026-01-05 12:18:12
108,student008,hash,STUDENT,True,2025-01-14 15:59:12,2025-12-04 08:02:12
109,student009,hash,STUDENT,True,2025-05-13 20:47:12,2026-03-15 18:44:12
110,student010,hash,STUDENT,True,2025-05-28 02:22:12,2026-01-05 05:21:12
111,student011,hash,STUDENT,True,2025-02-11 20:23:12,2026-01-20 14:29:12
112,student012,hash,STUDENT,True,2025-01-24 21:17:12,2026-01-03 18:44:12
113,student013,hash,STUDENT,True,2025-10-03 23:05:12,2026-02-21 06:06:12
114,student014,hash,STUDENT,True,2023-11-29 18:22:12,2026-02-23 12:14:12
115,student015,hash,STUDENT,True,2024-01-17 00:03:12,2026-01-07 08:12:12
116,student016,hash,STUDENT,True,2025-01-03 03:58:12,2026-03-04 02:11:12
117,student017,hash,STUDENT,True,2024-01-08 19:31:12,2026-01-06 16:23:12
118,student018,hash,STUDENT,True,2024-10-19 21:01:12,2026-01-11 08:36:12
119,student019,hash,STUDENT,True,2023-12-14 10:58:12,2026-02-20 10:50:12
120,student020,hash,STUDENT,True,2025-09-09 14:40:12,2026-03-26 11:11:12
121,student021,hash,STUDENT,True,2024-07-14 16:12:12,2026-02-05 22:05:12
122,student022,hash,STUDENT,True,2025-09-12 19:57:12,2026-02-10 03:16:12
123,student023,hash,STUDENT,True,2025-07-25 14:00:12,2026-01-02 17:44:12
124,student024,hash,STUDENT,True,2024-02-22 14:52:12,2026-02-05 11:30:12
125,student025,hash,STUDENT,True,2023-12-28 20:08:12,2026-01-31 17:06:12
126,student026,hash,STUDENT,True,2025-07-19 15:12:12,2026-03-14 03:59:12
127,student027,hash,STUDENT,True,2024-10-04 01:03:12,2026-02-19 04:02:12
128,student028,hash,STUDENT,True,2023-12-17 18:44:12,2026-01-26 04:48:12
129,student029,hash,STUDENT,True,2024-09-16 03:44:12,2026-03-10 18:46:12
130,student030,hash,STUDENT,True,2024-11-30 04:25:12,2025-12-25 10:48:12
131,student031,hash,STUDENT,True,2024-06-17 09:52:12,2025-12-22 02:10:12
132,student032,hash,STUDENT,True,2024-06-28 11:24:12,2026-02-03 15:56:12
133,student033,hash,STUDENT,True,2025-06-12 11:24:12,2026-02-17 07:44:12
134,student034,hash,STUDENT,True,2024-09-24 16:33:12,2026-03-12 11:17:12
135,student035,hash,STUDENT,True,2024-04-20 13:56:12,2026-03-04 16:15:12
136,student036,hash,STUDENT,True,2025-02-07 08:07:12,2026-01-31 05:38:12
137,student037,hash,STUDENT,True,2025-09-01 05:17:12,2025-12-05 23:57:12
138,student038,hash,STUDENT,True,2026-03-11 00:17:12,2026-01-29 18:19:12
139,student039,hash,STUDENT,True,2025-05-30 05:47:12,2025-12-07 05:07:12
140,student040,hash,STUDENT,True,2024-02-24 19:07:12,2025-12-18 22:44:12
141,student041,hash,STUDENT,True,2025-08-18 03:27:12,2026-02-25 05:10:12
142,student042,hash,STUDENT,True,2026-03-02 06:20:12,2026-01-04 20:50:12
143,student043,hash,STUDENT,True,2025-02-09 19:31:12,2025-12-14 03:43:12
144,student044,hash,STUDENT,True,2025-11-20 23:07:12,2026-03-28 06:04:12
145,student045,hash,STUDENT,True,2024-08-30 21:40:12,2026-03-20 22:14:12
146,student046,hash,STUDENT,True,2025-11-13 04:30:12,2026-03-25 10:17:12
147,student047,hash,STUDENT,True,2025-04-30 12:12:12,2026-02-18 07:53:12
148,student048,hash,STUDENT,True,2023-10-13 06:24:12,2025-12-25 05:25:12
149,student049,hash,STUDENT,True,2023-11-28 16:11:12,2026-03-28 19:07:12
150,student050,hash,STUDENT,True,2026-02-06 07:27:12,2026-01-07 15:52:12
151,student051,hash,STUDENT,True,2024-06-02 16:53:12,2026-03-28 11:29:12
152,student052,hash,STUDENT,True,2023-11-23 18:02:12,2026-03-12 11:33:12
153,student053,hash,STUDENT,True,2024-12-01 21:34:12,2026-01-18 12:12:12
154,student054,hash,STUDENT,True,2024-04-14 09:52:12,2026-02-12 13:03:12
155,student055,hash,STUDENT,True,2024-07-17 18:56:12,2026-03-17 13:22:12
156,student056,hash,STUDENT,True,2025-12-11 00:40:12,2025-12-03 09:05:12
157,student057,hash,STUDENT,True,2024-05-07 06:16:12,2025-11-30 20:29:12
158,student058,hash,STUDENT,True,2026-01-12 23:57:12,2025-12-14 22:26:12
159,student059,hash,STUDENT,True,2025-12-16 19:52:12,2026-02-20 21:03:12
160,student060,hash,STUDENT,True,2023-12-28 14:51:12,2026-01-18 17:19:12
161,student061,hash,STUDENT,True,2024-10-02 04:59:12,2026-02-12 16:09:12
162,student062,hash,STUDENT,True,2024-06-06 08:41:12,2025-12-13 04:49:12
163,student063,hash,STUDENT,True,2024-11-15 15:14:12,2026-02-12 21:44:12
164,student064,hash,STUDENT,True,2023-12-04 03:56:12,2026-03-12 05:30:12
165,student065,hash,STUDENT,True,2024-03-10 02:00:12,2026-02-24 22:50:12
166,student066,hash,STUDENT,True,2024-09-26 03:12:12,2026-02-03 19:04:12
167,student067,hash,STUDENT,True,2025-06-30 07:47:12,2026-02-28 16:24:12
168,student068,hash,STUDENT,True,2024-12-25 10:53:12,2026-01-31 00:02:12
169,student069,hash,STUDENT,True,2024-05-16 06:20:12,2026-03-28 02:47:12
170,student070,hash,STUDENT,True,2025-05-03 13:10:12,2026-03-04 06:50:12
171,student071,hash,STUDENT,True,2025-07-10 08:24:12,2025-12-08 22:57:12
172,student072,hash,STUDENT,True,2025-06-22 01:41:12,2026-01-24 12:36:12
173,student073,hash,STUDENT,True,2025-07-26 19:15:12,2026-01-28 00:53:12
174,student074,hash,STUDENT,True,2025-07-27 20:11:12,2026-01-07 20:10:12
175,student075,hash,STUDENT,True,2024-12-28 18:36:12,2026-02-22 11:16:12
176,student076,hash,STUDENT,True,2024-04-22 11:22:12,2026-01-06 00:18:12
177,student077,hash,STUDENT,True,2024-12-02 01:08:12,2026-02-15 04:54:12
178,student078,hash,STUDENT,True,2024-09-14 08:19:12,2026-01-01 04:24:12
179,student079,hash,STUDENT,True,2025-05-22 10:27:12,2026-03-15 19:29:12
180,student080,hash,STUDENT,True,2025-05-12 14:54:12,2026-01-21 20:30:12
181,student081,hash,STUDENT,True,2025-09-16 11:54:12,2026-01-29 09:55:12
182,student082,hash,STUDENT,True,2024-08-05 02:03:12,2026-02-23 14:48:12
183,student083,hash,STUDENT,True,2025-09-14 09:27:12,2026-02-13 13:22:12
184,student084,hash,STUDENT,True,2026-03-16 20:07:12,2026-03-15 10:39:12
185,student085,hash,STUDENT,True,2026-02-04 01:23:12,2026-01-01 14:01:12
186,student086,hash,STUDENT,True,2023-10-24 03:35:12,2025-12-10 18:05:12
187,student087,hash,STUDENT,True,2025-06-13 03:11:12,2026-02-03 08:30:12
188,student088,hash,STUDENT,True,2026-02-07 09:46:12,2026-01-29 14:49:12
189,student089,hash,STUDENT,True,2026-01-24 06:10:12,2026-03-22 00:01:12
190,student090,hash,STUDENT,True,2024-04-28 17:32:12,2026-03-12 00:22:12
191,student091,hash,STUDENT,True,2026-01-03 11:34:12,2026-01-19 05:03:12
192,student092,hash,STUDENT,True,2024-07-28 23:27:12,2025-12-22 02:17:12
193,student093,hash,STUDENT,True,2024-12-25 04:22:12,2025-12-11 00:14:12
194,student094,hash,STUDENT,True,2025-05-23 00:02:12,2026-03-23 22:54:12
195,student095,hash,STUDENT,True,2025-12-20 12:01:12,2026-03-04 09:59:12
196,student096,hash,STUDENT,True,2026-01-07 13:26:12,2026-03-09 01:37:12
197,student097,hash,STUDENT,True,2025-10-22 18:15:12,2026-02-01 20:03:12
198,student098,hash,STUDENT,True,2024-12-05 09:39:12,2026-03-02 08:56:12
199,student099,hash,STUDENT,True,2025-06-14 19:46:12,2026-02-01 15:58:12
200,student100,hash,STUDENT,True,2025-08-04 09:51:12,2025-12-19 22:04:12
201,student101,hash,STUDENT,True,2024-05-23 12:14:12,2026-03-17 01:27:12
202,student102,hash,STUDENT,True,2024-06-06 13:43:12,2026-02-25 14:37:12
203,student103,hash,STUDENT,True,2026-01-29 12:51:12,2026-02-19 22:54:12
204,student104,hash,STUDENT,True,2023-12-07 23:43:12,2026-02-23 04:34:12
205,student105,hash,STUDENT,True,2024-12-06 20:22:12,2026-01-01 06:24:12
206,student106,hash,STUDENT,True,2024-11-04 01:10:12,2026-02-03 16:03:12
207,student107,hash,STUDENT,True,2026-02-19 04:54:12,2026-02-17 23:25:12
208,student108,hash,STUDENT,True,2026-03-05 16:27:12,2026-01-04 00:04:12
209,student109,hash,STUDENT,True,2026-03-09 20:49:12,2026-02-25 00:39:12
210,student110,hash,STUDENT,True,2024-02-09 13:11:12,2026-01-23 22:13:12
211,student111,hash,STUDENT,True,2025-06-20 13:04:12,2026-02-03 21:49:12
212,student112,hash,STUDENT,True,2024-11-13 16:11:12,2026-02-15 05:20:12
213,student113,hash,STUDENT,True,2025-05-06 21:35:12,2025-12-12 13:20:12
214,student114,hash,STUDENT,True,2025-02-02 20:10:12,2026-02-22 21:16:12
215,student115,hash,STUDENT,True,2023-12-19 01:39:12,2026-02-01 16:21:12
216,student116,hash,STUDENT,True,2025-07-16 08:34:12,2025-12-23 05:46:12
217,student117,hash,STUDENT,True,2024-10-21 17:59:12,2025-12-10 01:12:12
218,student118,hash,STUDENT,True,2025-02-01 17:29:12,2026-01-24 07:02:12
219,student119,hash,STUDENT,True,2024-02-16 03:01:12,2026-02-03 17:28:12
220,student120,hash,STUDENT,True,2025-07-01 01:33:12,2025-12-03 09:13:12
221,student121,hash,STUDENT,True,2024-04-15 03:34:12,2026-03-27 22:03:12
222,student122,hash,STUDENT,True,2024-01-03 10:56:12,2026-03-11 09:06:12
223,student123,hash,STUDENT,True,2026-03-17 01:15:12,2026-03-20 10:48:12
224,student124,hash,STUDENT,True,2025-12-05 04:34:12,2026-01-08 14:10:12
225,student125,hash,STUDENT,True,2024-03-28 09:09:12,2025-12-31 10:15:12
226,student126,hash,STUDENT,True,2023-11-28 03:11:12,2026-02-28 04:06:12
227,student127,hash,STUDENT,True,2025-11-03 06:29:12,2025-12-03 23:09:12
228,student128,hash,STUDENT,True,2024-02-26 13:46:12,2026-03-23 09:52:12
229,student129,hash,STUDENT,True,2024-01-13 05:20:12,2025-12-02 02:24:12
230,student130,hash,STUDENT,True,2023-12-12 18:23:12,2025-12-29 08:48:12
231,student131,hash,STUDENT,True,2024-08-06 23:59:12,2026-01-28 14:13:12
232,student132,hash,STUDENT,True,2024-09-26 03:19:12,2026-02-17 00:53:12
233,student133,hash,STUDENT,True,2024-09-21 06:12:12,2025-12-02 07:46:12
234,student134,hash,STUDENT,True,2025-09-18 20:26:12,2026-01-17 06:27:12
235,student135,hash,STUDENT,True,2023-11-06 05:39:12,2026-02-18 19:11:12
236,student136,hash,STUDENT,True,2024-04-08 06:17:12,2026-01-05 22:32:12
237,student137,hash,STUDENT,True,2024-11-09 17:33:12,2026-01-26 00:20:12
238,student138,hash,STUDENT,True,2023-10-23 14:46:12,2025-12-13 04:35:12
239,student139,hash,STUDENT,True,2024-10-09 04:41:12,2025-12-29 14:15:12
240,student140,hash,STUDENT,True,2023-10-21 22:32:12,2026-03-22 02:51:12
241,student141,hash,STUDENT,True,2025-07-03 08:02:12,2026-01-02 06:00:12
242,student142,hash,STUDENT,True,2026-01-08 07:47:12,2026-01-04 01:17:12
243,student143,hash,STUDENT,True,2025-05-10 21:56:12,2025-12-08 02:46:12
244,student144,hash,STUDENT,True,2024-09-23 17:02:12,2026-03-23 11:01:12
245,student145,hash,STUDENT,True,2024-04-30 09:27:12,2025-12-26 16:14:12
246,student146,hash,STUDENT,True,2025-12-20 21:56:12,2025-12-10 15:13:12
247,student147,hash,STUDENT,True,2025-10-11 20:22:12,2025-12-06 18:39:12
248,student148,hash,STUDENT,True,2025-05-03 17:23:12,2026-02-14 07:14:12
249,student149,hash,STUDENT,True,2025-11-02 11:08:12,2026-02-06 23:58:12
250,student150,hash,STUDENT,True,2024-01-10 13:31:12,2026-03-09 16:02:12
251,student151,hash,STUDENT,True,2023-10-22 06:02:12,2026-01-03 11:10:12
252,student152,hash,STUDENT,True,2024-08-11 14:27:12,2026-01-30 22:25:12
253,student153,hash,STUDENT,True,2024-12-16 09:59:12,2026-03-30 03:44:12
254,student154,hash,STUDENT,True,2025-06-09 21:07:12,2026-03-11 16:13:12
255,student155,hash,STUDENT,True,2025-04-12 00:22:12,2026-01-09 04:57:12
256,student156,hash,STUDENT,True,2025-07-18 03:47:12,2026-02-21 12:17:12
257,student157,hash,STUDENT,True,2023-11-09 03:35:12,2026-03-01 06:05:12
258,student158,hash,STUDENT,True,2025-03-29 00:23:12,2026-01-01 09:40:12
259,student159,hash,STUDENT,True,2023-12-02 21:16:12,2026-02-24 18:05:12
260,student160,hash,STUDENT,True,2023-10-27 20:52:12,2025-12-26 16:43:12
261,student161,hash,STUDENT,True,2024-07-18 19:10:12,2025-12-15 08:52:12
262,student162,hash,STUDENT,True,2024-01-03 11:03:12,2025-12-19 07:27:12
263,student163,hash,STUDENT,True,2024-06-18 12:02:12,2026-02-26 20:53:12
264,student164,hash,STUDENT,True,2024-03-22 20:58:12,2025-12-14 14:01:12
265,student165,hash,STUDENT,True,2025-12-21 22:00:12,2026-03-26 08:51:12
266,student166,hash,STUDENT,True,2025-01-04 17:04:12,2026-02-12 19:33:12
267,student167,hash,STUDENT,True,2025-12-29 09:21:12,2025-12-26 05:30:12
268,student168,hash,STUDENT,True,2025-09-07 13:51:12,2026-01-21 07:08:12
269,student169,hash,STUDENT,True,2024-11-03 09:48:12,2026-03-10 09:43:12
270,student170,hash,STUDENT,True,2023-12-08 02:50:12,2026-02-21 18:46:12
271,student171,hash,STUDENT,True,2025-04-19 15:12:12,2026-03-22 13:53:12
272,student172,hash,STUDENT,True,2025-08-11 20:55:12,2026-01-04 05:47:12
273,student173,hash,STUDENT,True,2023-12-29 01:18:12,2026-03-20 06:41:12
274,student174,hash,STUDENT,True,2025-07-04 01:34:12,2026-02-01 06:58:12
275,student175,hash,STUDENT,True,2024-02-23 21:25:12,2026-01-16 05:49:12
276,student176,hash,STUDENT,True,2024-06-16 07:35:12,2026-01-04 11:11:12
277,student177,hash,STUDENT,True,2026-03-05 22:45:12,2025-12-01 01:21:12
278,student178,hash,STUDENT,True,2024-07-15 11:00:12,2026-03-22 21:49:12
279,student179,hash,STUDENT,True,2024-12-10 20:22:12,2026-01-07 05:34:12
280,student180,hash,STUDENT,True,2025-11-08 17:39:12,2026-02-21 03:34:12
281,student181,hash,STUDENT,True,2025-12-22 10:45:12,2026-01-22 14:17:12
282,student182,hash,STUDENT,True,2024-12-22 06:59:12,2025-12-25 20:07:12
283,student183,hash,STUDENT,True,2025-01-25 23:54:12,2025-12-28 13:45:12
284,student184,hash,STUDENT,True,2025-01-30 22:35:12,2025-12-15 03:02:12
285,student185,hash,STUDENT,True,2025-02-07 10:39:12,2026-01-02 07:28:12
286,student186,hash,STUDENT,True,2025-01-01 04:26:12,2025-12-12 07:35:12
287,student187,hash,STUDENT,True,2024-04-28 07:07:12,2025-12-05 22:19:12
288,student188,hash,STUDENT,True,2026-01-28 06:24:12,2026-03-07 14:47:12
289,student189,hash,STUDENT,True,2023-12-09 04:36:12,2026-01-06 12:00:12
290,student190,hash,STUDENT,True,2024-06-14 23:40:12,2026-03-25 08:26:12
291,student191,hash,STUDENT,True,2025-11-23 00:28:12,2026-03-23 01:28:12
292,student192,hash,STUDENT,True,2024-08-08 11:49:12,2025-12-10 11:20:12
293,student193,hash,STUDENT,True,2024-01-29 13:51:12,2025-12-05 23:41:12
294,student194,hash,STUDENT,True,2025-06-21 14:33:12,2026-01-21 09:50:12
295,student195,hash,STUDENT,True,2025-10-04 14:59:12,2025-12-11 18:33:12
296,student196,hash,STUDENT,True,2026-03-16 06:51:12,2025-12-21 11:04:12
297,student197,hash,STUDENT,True,2025-05-04 18:30:12,2026-02-26 17:33:12
298,student198,hash,STUDENT,True,2024-03-02 05:08:12,2026-03-16 19:37:12
299,student199,hash,STUDENT,True,2024-11-29 03:52:12,2026-02-13 02:04:12
300,student200,hash,STUDENT,True,2025-12-10 04:09:12,2026-03-02 23:39:12
